<?xml version="1.0" encoding="UTF-8"?>
<project-private xmlns="http://www.netbeans.org/ns/project-private/1">
    <editor-bookmarks xmlns="http://www.netbeans.org/ns/editor-bookmarks/2" lastBookmarkId="0"/>
    <open-files xmlns="http://www.netbeans.org/ns/projectui-open-files/2">
        <group>
            <file>file:/C:/xampp/htdocs/RojakProject/user_profile.php</file>
            <file>file:/C:/xampp/htdocs/RojakProject/model/db_connect.php</file>
            <file>file:/C:/xampp/htdocs/RojakProject/JS/login_search.js</file>
            <file>file:/C:/xampp/htdocs/RojakProject/package.json</file>
            <file>file:/C:/xampp/htdocs/RojakProject/user/checkLoginStatus.php</file>
            <file>file:/C:/xampp/htdocs/RojakProject/vendor/bootstrap/css/bootstrap-grid.css</file>
            <file>file:/C:/xampp/htdocs/RojakProject/view/index.php</file>
            <file>file:/C:/xampp/htdocs/RojakProject/JS/addRecipe.js</file>
            <file>file:/C:/xampp/htdocs/RojakProject/user/checkLoginAdminStatus.php</file>
            <file>file:/C:/xampp/htdocs/RojakProject/recipe/recipe_db.php</file>
            <file>file:/C:/xampp/htdocs/RojakProject/review/submit_comment.php</file>
            <file>file:/C:/xampp/htdocs/RojakProject/recipe/create_recipe_ingredient.php</file>
            <file>file:/C:/xampp/htdocs/RojakProject/user/user_db.php</file>
            <file>file:/C:/xampp/htdocs/RojakProject/recipe/search_recipe.php</file>
            <file>file:/C:/xampp/htdocs/RojakProject/search.html</file>
            <file>file:/C:/xampp/htdocs/RojakProject/recipe/create_recipe_tag.php</file>
            <file>file:/C:/xampp/htdocs/RojakProject/view/submit_recipe.php</file>
            <file>file:/C:/xampp/htdocs/RojakProject/css/login_style.css</file>
            <file>file:/C:/xampp/htdocs/RojakProject/recipe/create_recipe.php</file>
            <file>file:/C:/xampp/htdocs/RojakProject/images/fbp.jpg</file>
            <file>file:/C:/xampp/htdocs/RojakProject/package-lock.json</file>
            <file>file:/C:/xampp/htdocs/RojakProject/user/uploadUserImage.php</file>
            <file>file:/C:/xampp/htdocs/RojakProject/css/shop-homepage.css</file>
            <file>file:/C:/xampp/htdocs/RojakProject/register.php</file>
            <file>file:/C:/xampp/htdocs/RojakProject/JS/JavaScript.js</file>
            <file>file:/C:/xampp/htdocs/RojakProject/login_session/session.php</file>
            <file>file:/C:/xampp/htdocs/RojakProject/css/style.css</file>
            <file>file:/C:/xampp/htdocs/RojakProject/view/logout.php</file>
            <file>file:/C:/xampp/htdocs/RojakProject/submit_recipe.html</file>
            <file>file:/C:/xampp/htdocs/RojakProject/recipe/create_recipe_step.php</file>
            <file>file:/C:/xampp/htdocs/RojakProject/JS/login.js</file>
            <file>file:/C:/xampp/htdocs/RojakProject/view/edit_user.php</file>
            <file>file:/C:/xampp/htdocs/RojakProject/controller/index.php</file>
            <file>file:/C:/xampp/htdocs/RojakProject/view/view_recipe.php</file>
            <file>file:/C:/xampp/htdocs/RojakProject/view/header.php</file>
            <file>file:/C:/xampp/htdocs/RojakProject/css/footer.css</file>
            <file>file:/C:/xampp/htdocs/RojakProject/view/user_profile.php</file>
            <file>file:/C:/xampp/htdocs/RojakProject/review/getReviewByID.php</file>
            <file>file:/C:/xampp/htdocs/RojakProject/view/contact.php</file>
            <file>file:/C:/xampp/htdocs/RojakProject/review/getReviews.php</file>
            <file>file:/C:/xampp/htdocs/RojakProject/database_structure.png</file>
            <file>file:/C:/xampp/htdocs/RojakProject/login.php</file>
        </group>
    </open-files>
</project-private>
